index,name,stage,kind,scale_group,array_width,array_height,magnification,display_low,display_high,value_min,value_max,value_mean,finite_elements,elements,engine_expression,image
1,01_read_frame_a,read,intensity,,512,512,1,2817.0,9550.0,2276.0,12339.0,6082.43115234375,262144,262144,"recording page 56, channel BF",fig/steps/01_read_frame_a.png
2,02_read_frame_b,read,intensity,,512,512,1,2800.715,9537.0,2298.0,12304.0,6066.71044921875,262144,262144,"recording page 72, channel BF",fig/steps/02_read_frame_b.png
3,03_prepared_a,prepare,intensity,,512,512,1,2818.715,9378.0,2325.0,11966.0,6073.95751953125,262144,262144,"apply_preprocessing(raw, MEDIAN_3X3)",fig/steps/03_prepared_a.png
4,04_prepared_change_a,prepare,signed,,512,512,1,-441.0,441.0,-2179.0,1184.0,-8.474506378173828,262144,262144,prepared - raw,fig/steps/04_prepared_change_a.png
5,05_log_a,logarithm,log,,512,512,1,11.461333503723145,13.195218086242676,11.183635711669922,13.546773910522461,12.544953346252441,262144,262144,"LogPlane.from_intensity(prepared, epsilon=1).value",fig/steps/05_log_a.png
6,06_log_b,logarithm,log,,512,512,1,11.452240943908691,13.191059112548828,11.187352180480957,13.507547378540039,12.540750503540039,262144,262144,"LogPlane.from_intensity(prepared, epsilon=1).value",fig/steps/06_log_b.png
7,07_valid_a,logarithm,mask,,512,512,1,0.0,1.0,1.0,1.0,1.0,262144,262144,LogPlane.valid,fig/steps/07_valid_a.png
8,08_gx_a,gradients,signed,,512,512,1,-0.09082671165466306,0.09082671165466306,-0.31897401809692383,0.3674888610839844,-0.001982687972486019,262144,262144,LogPlane.gx,fig/steps/08_gx_a.png
9,09_gy_a,gradients,signed,,512,512,1,-0.08477087020874016,0.08477087020874016,-0.29784440994262695,0.29819631576538086,3.549701068550348e-05,262144,262144,LogPlane.gy,fig/steps/09_gy_a.png
10,10_gradient_magnitude_a,gradients,intensity,,512,512,1,0.000850677490234375,0.22360752582550056,0.0,0.5951480865478516,0.04298974573612213,262144,262144,LogPlane.gradient_magnitude,fig/steps/10_gradient_magnitude_a.png
11,11_gx_b,gradients,signed,,512,512,1,-0.0912148475646972,0.0912148475646972,-0.34679222106933594,0.29770708084106445,-0.0019920498598366976,262144,262144,LogPlane.gx of the second frame,fig/steps/11_gx_b.png
12,12_gy_b,gradients,signed,,512,512,1,-0.08441937446594232,0.08441937446594232,-0.326601505279541,0.3328857421875,3.2234733225777745e-05,262144,262144,LogPlane.gy of the second frame,fig/steps/12_gy_b.png
13,13_gradient_magnitude_b,gradients,intensity,,512,512,1,0.0008844661712646483,0.22172496795654306,0.0,0.5626740455627441,0.04352405667304993,262144,262144,LogPlane.gradient_magnitude of the second frame,fig/steps/13_gradient_magnitude_b.png
14,14_pyramid_a_L0,pyramid,log,,512,512,1,11.461333503723145,13.195218086242676,11.183635711669922,13.546773910522461,12.544953346252441,262144,262144,LogPlane.pyramid(4)[0],fig/steps/14_pyramid_a_L0.png
15,15_pyramid_a_L1,pyramid,log,,256,256,2,11.465791249275208,13.172877478599547,11.188735961914062,13.455883026123047,12.545926094055176,65536,65536,LogPlane.pyramid(4)[1],fig/steps/15_pyramid_a_L1.png
16,16_pyramid_a_L2,pyramid,log,,128,128,3,11.480428133010864,13.153435735702514,11.197970390319824,13.269760131835938,12.54782485961914,16384,16384,LogPlane.pyramid(4)[2],fig/steps/16_pyramid_a_L2.png
17,17_pyramid_a_L3,pyramid,log,,64,64,5,11.519077587127686,13.131182074546814,11.224383354187012,13.197442054748535,12.551338195800781,4096,4096,LogPlane.pyramid(4)[3],fig/steps/17_pyramid_a_L3.png
18,18_pyramid_b_L0,pyramid,log,,512,512,1,11.452240943908691,13.191059112548828,11.187352180480957,13.507547378540039,12.540750503540039,262144,262144,LogPlane.pyramid(4)[0],fig/steps/18_pyramid_b_L0.png
19,19_pyramid_b_L1,pyramid,log,,256,256,2,11.457250547409057,13.173814058303833,11.190423011779785,13.416565895080566,12.541718482971191,65536,65536,LogPlane.pyramid(4)[1],fig/steps/19_pyramid_b_L1.png
20,20_pyramid_b_L2,pyramid,log,,128,128,3,11.473759274482727,13.149996128082275,11.196717262268066,13.266427993774414,12.543588638305664,16384,16384,LogPlane.pyramid(4)[2],fig/steps/20_pyramid_b_L2.png
21,21_pyramid_b_L3,pyramid,log,,64,64,5,11.513654947280884,13.134708619117736,11.215234756469727,13.208745956420898,12.54704475402832,4096,4096,LogPlane.pyramid(4)[3],fig/steps/21_pyramid_b_L3.png
22,22_coarse_search_cost,coarse search,cost,,9,9,36,0.018367089645064893,0.07369022824283884,0.015249561285600066,0.07381152198908507,0.05731093819352645,45,81,"_evaluate(a[top], b[top], Transform(dx, dy, 0), options).mean_abs",fig/steps/22_coarse_search_cost.png
23,23_solve_L3i0_difference,solve level 3,signed,level3,64,64,5,-0.09695615768432603,0.09695615768432603,-0.261993408203125,0.4463539123535156,-0.004293953999876976,4096,4096,"bv - a.value[y, x]",fig/steps/23_solve_L3i0_difference.png
24,24_solve_L3i0_residual,solve level 3,signed,level3,64,64,5,-0.09695615768432603,0.09695615768432603,-0.25510501861572266,0.45324230194091797,0.002594435354694724,4096,4096,difference - gain,fig/steps/24_solve_L3i0_residual.png
25,25_solve_L3i0_weight,solve level 3,unit,weight,64,64,5,0.0,1.0,0.030658792704343796,1.0,0.8705796003341675,4096,4096,"options.norm.weights(residual, threshold)",fig/steps/25_solve_L3i0_weight.png
26,26_solve_L3i1_residual,solve level 3,signed,level3,64,64,5,-0.09695615768432603,0.09695615768432603,-0.25055500864982605,0.4329744279384613,0.0025095774326473475,3969,4096,difference - gain,fig/steps/26_solve_L3i1_residual.png
27,27_solve_L3i1_weight,solve level 3,unit,weight,64,64,5,0.0,1.0,0.0320468544960022,1.0,0.8744850754737854,3969,4096,"options.norm.weights(residual, threshold)",fig/steps/27_solve_L3i1_weight.png
28,28_solve_L3i2_residual,solve level 3,signed,level3,64,64,5,-0.09695615768432603,0.09695615768432603,-0.2467135190963745,0.4188745617866516,0.002545114839449525,3969,4096,difference - gain,fig/steps/28_solve_L3i2_residual.png
29,29_solve_L3i2_weight,solve level 3,unit,weight,64,64,5,0.0,1.0,0.03285408392548561,1.0,0.874712347984314,3969,4096,"options.norm.weights(residual, threshold)",fig/steps/29_solve_L3i2_weight.png
30,30_solve_L3i3_residual,solve level 3,signed,level3,64,64,5,-0.09695615768432603,0.09695615768432603,-0.24471518397331238,0.41308555006980896,0.002557724481448531,3969,4096,difference - gain,fig/steps/30_solve_L3i3_residual.png
31,31_solve_L3i3_weight,solve level 3,unit,weight,64,64,5,0.0,1.0,0.033222831785678864,1.0,0.8745286464691162,3969,4096,"options.norm.weights(residual, threshold)",fig/steps/31_solve_L3i3_weight.png
32,32_solve_L3i4_residual,solve level 3,signed,level3,64,64,5,-0.09695615768432603,0.09695615768432603,-0.24377475678920746,0.4109313189983368,0.0025493167340755463,3969,4096,difference - gain,fig/steps/32_solve_L3i4_residual.png
33,33_solve_L3i4_weight,solve level 3,unit,weight,64,64,5,0.0,1.0,0.0331852063536644,1.0,0.8736304044723511,3969,4096,"options.norm.weights(residual, threshold)",fig/steps/33_solve_L3i4_weight.png
34,34_solve_L3i5_residual,solve level 3,signed,level3,64,64,5,-0.09695615768432603,0.09695615768432603,-0.24334071576595306,0.4101628065109253,0.002554448787122965,3969,4096,difference - gain,fig/steps/34_solve_L3i5_residual.png
35,35_solve_L3i5_weight,solve level 3,unit,weight,64,64,5,0.0,1.0,0.03322981670498848,1.0,0.8735088109970093,3969,4096,"options.norm.weights(residual, threshold)",fig/steps/35_solve_L3i5_weight.png
36,36_solve_L3i6_residual,solve level 3,signed,level3,64,64,5,-0.09695615768432603,0.09695615768432603,-0.24315357208251953,0.4098721444606781,0.002537036780267954,3969,4096,difference - gain,fig/steps/36_solve_L3i6_residual.png
37,37_solve_L3i6_weight,solve level 3,unit,weight,64,64,5,0.0,1.0,0.033113498240709305,1.0,0.8729128837585449,3969,4096,"options.norm.weights(residual, threshold)",fig/steps/37_solve_L3i6_weight.png
38,38_solve_L2i0_difference,solve level 2,signed,level2,128,128,3,-0.13629132509231567,0.13629132509231567,-0.46968552470207214,0.5400084257125854,-0.004379089456051588,16129,16384,"bv - a.value[y, x]",fig/steps/38_solve_L2i0_difference.png
39,39_solve_L2i0_residual,solve level 2,signed,level2,128,128,3,-0.13629132509231567,0.13629132509231567,-0.46268659830093384,0.5470073223114014,0.0026198402047157288,16129,16384,difference - gain,fig/steps/39_solve_L2i0_residual.png
40,40_solve_L2i0_weight,solve level 2,unit,weight,128,128,3,0.0,1.0,0.03586385399103165,1.0,0.8765406608581543,16129,16384,"options.norm.weights(residual, threshold)",fig/steps/40_solve_L2i0_weight.png
41,41_solve_L2i1_residual,solve level 2,signed,level2,128,128,3,-0.13629132509231567,0.13629132509231567,-0.460627943277359,0.5538750290870667,0.0026755626313388348,16129,16384,difference - gain,fig/steps/41_solve_L2i1_residual.png
42,42_solve_L2i1_weight,solve level 2,unit,weight,128,128,3,0.0,1.0,0.03496160730719566,1.0,0.8757811784744263,16129,16384,"options.norm.weights(residual, threshold)",fig/steps/42_solve_L2i1_weight.png
43,43_solve_L2i2_residual,solve level 2,signed,level2,128,128,3,-0.13629132509231567,0.13629132509231567,-0.4600890278816223,0.5556660890579224,0.002637711353600025,16129,16384,difference - gain,fig/steps/43_solve_L2i2_residual.png
44,44_solve_L2i2_weight,solve level 2,unit,weight,128,128,3,0.0,1.0,0.034866444766521454,1.0,0.8759480714797974,16129,16384,"options.norm.weights(residual, threshold)",fig/steps/44_solve_L2i2_weight.png
45,45_solve_L2i3_residual,solve level 2,signed,level2,128,128,3,-0.13629132509231567,0.13629132509231567,-0.45994260907173157,0.5561480522155762,0.0026449940633028746,16129,16384,difference - gain,fig/steps/45_solve_L2i3_residual.png
46,46_solve_L2i3_weight,solve level 2,unit,weight,128,128,3,0.0,1.0,0.034879621118307114,1.0,0.8761381506919861,16129,16384,"options.norm.weights(residual, threshold)",fig/steps/46_solve_L2i3_weight.png
47,47_solve_L2i4_residual,solve level 2,signed,level2,128,128,3,-0.13629132509231567,0.13629132509231567,-0.4598996639251709,0.556272029876709,0.0026514611672610044,16129,16384,difference - gain,fig/steps/47_solve_L2i4_residual.png
48,48_solve_L2i4_weight,solve level 2,unit,weight,128,128,3,0.0,1.0,0.03489690646529198,1.0,0.8762396574020386,16129,16384,"options.norm.weights(residual, threshold)",fig/steps/48_solve_L2i4_weight.png
49,49_solve_L1i0_difference,solve level 1,signed,level1,256,256,2,-0.1804898047447203,0.1804898047447203,-0.6996322870254517,0.6878670454025269,-0.004298408515751362,65025,65536,"bv - a.value[y, x]",fig/steps/49_solve_L1i0_difference.png
50,50_solve_L1i0_residual,solve level 1,signed,level1,256,256,2,-0.1804898047447203,0.1804898047447203,-0.6926501989364624,0.6948491334915161,0.002683693775907159,65025,65536,difference - gain,fig/steps/50_solve_L1i0_residual.png
51,51_solve_L1i0_weight,solve level 1,unit,weight,256,256,2,0.0,1.0,0.03825092315673828,1.0,0.874555230140686,65025,65536,"options.norm.weights(residual, threshold)",fig/steps/51_solve_L1i0_weight.png
52,52_solve_L0i0_difference,solve level 0,signed,level0,256,256,2,-0.24749317169189433,0.24749317169189433,-0.8344892859458923,0.7804334163665771,-0.004254535771906376,65280,65536,"bv - a.value[y, x]",fig/steps/52_solve_L0i0_difference.png
53,53_solve_L0i0_residual,solve level 0,signed,level0,256,256,2,-0.24749317169189433,0.24749317169189433,-0.8278136849403381,0.7871090173721313,0.002421088982373476,65280,65536,difference - gain,fig/steps/53_solve_L0i0_residual.png
54,54_solve_L0i0_weight,solve level 0,unit,weight,256,256,2,0.0,1.0,0.04656574875116348,1.0,0.8867690563201904,65280,65536,"options.norm.weights(residual, threshold)",fig/steps/54_solve_L0i0_weight.png
55,55_solve_L0i1_residual,solve level 0,signed,level0,256,256,2,-0.24749317169189433,0.24749317169189433,-0.8296036720275879,0.7870033979415894,0.0024344183038920164,65280,65536,difference - gain,fig/steps/55_solve_L0i1_residual.png
56,56_solve_L0i1_weight,solve level 0,unit,weight,256,256,2,0.0,1.0,0.04638203606009483,1.0,0.886594831943512,65280,65536,"options.norm.weights(residual, threshold)",fig/steps/56_solve_L0i1_weight.png
57,57_residual_identity,before and after,signed,level0,256,256,2,-0.24749317169189433,0.24749317169189433,-0.7858390808105469,0.7811489105224609,0.002141224220395088,65536,65536,"difference - gain, at the identity transform",fig/steps/57_residual_identity.png
58,58_residual_fitted,before and after,signed,level0,256,256,2,-0.24749317169189433,0.24749317169189433,-0.8296036720275879,0.7870033979415894,0.0024344183038920164,65280,65536,"difference - gain, at the fitted transform",fig/steps/58_residual_fitted.png
59,59_pair_plan,reconcile,plan,,240,240,2,0.0,16.0,0.0,16.0,0.24649305641651154,57600,57600,"_plan_pairs(MULTILAG, frames, 0, lags)",fig/steps/59_pair_plan.png
60,60_warp_input_bf_last,warp,intensity,,512,512,1,2822.0,9877.0,2296.0,14415.0,6222.1357421875,262144,262144,"recording page 239, channel BF",fig/steps/60_warp_input_bf_last.png
61,61_warp_output_bf_last,warp,intensity,,512,512,1,2817.0,9852.0,2296.0,14415.0,6212.9072265625,260096,262144,"warp_plane(frame, cumulative[last], NONE, nan)",fig/steps/61_warp_output_bf_last.png
62,62_warp_vacated_bf_last,warp,mask,,512,512,1,0.0,1.0,0.0,1.0,0.0078125,262144,262144,~isfinite(warp_plane(...)),fig/steps/62_warp_vacated_bf_last.png
63,63_warp_output_bioluminescence_last,warp,intensity,,512,512,1,2032.0,3717.0,1935.0,65535.0,2408.050048828125,260096,262144,"warp_plane(frame, cumulative[last], NONE, nan)",fig/steps/63_warp_output_bioluminescence_last.png
64,64_warp_output_rfp_last,warp,intensity,,512,512,1,2112.0,7734.0,2013.0,8974.0,3409.1103515625,260096,262144,"warp_plane(frame, cumulative[last], NONE, nan)",fig/steps/64_warp_output_rfp_last.png
65,65_warp_output_gfp_last,warp,intensity,,512,512,1,3636.0,14969.0,2510.0,15893.0,9786.056640625,260096,262144,"warp_plane(frame, cumulative[last], NONE, nan)",fig/steps/65_warp_output_gfp_last.png
66,66_common_valid_field,crop,mask,,512,512,1,0.0,1.0,0.0,1.0,0.988311767578125,262144,262144,"valid_margin(cumulative, width, height, NONE)",fig/steps/66_common_valid_field.png
67,67_cropped_bf_last,crop,intensity,,508,510,1,2836.0,9853.0,2296.0,14415.0,6214.64306640625,259080,259080,"warped[margin.top:-margin.bottom, margin.left:-margin.right]",fig/steps/67_cropped_bf_last.png
